,Date,Time,Open,High,Low,Close,Volume,Amount,ABV_Diff,ZT
32400,2020-07-20,09:00:00,2742.0,2748.0,2730.0,2732.0,8619.0,236040720.06700003,5110.0,-2.459457318602815e-05
32460,2020-07-20,09:01:00,2742.0,2748.0,2740.0,2746.0,4398.0,120718900.11199999,-3735.0,6.06721946347181e-06
32520,2020-07-20,09:02:00,2746.0,2748.0,2736.0,2738.0,4260.0,116736039.715,10261.0,-3.6647276469429595e-05
32580,2020-07-20,09:03:00,2740.0,2740.0,2734.0,2740.0,3598.0,98523399.954,3042.0,2.7389481747534342e-05
32640,2020-07-20,09:04:00,2736.0,2740.0,2730.0,2734.0,3452.0,94368299.986,-6332.0,-3.362594602580593e-05
32700,2020-07-20,09:05:00,2726.0,2732.0,2726.0,2730.0,6743.0,183920999.97,9179.0,-9.169156687153605e-05
32760,2020-07-20,09:06:00,2728.0,2734.0,2722.0,2726.0,7865.0,214573639.64999998,2006.0,-4.89374985866912e-05
32820,2020-07-20,09:07:00,2734.0,2740.0,2730.0,2736.0,3738.0,102231160.22300002,22298.0,-1.8377280535789945e-05
32880,2020-07-20,09:08:00,2736.0,2740.0,2734.0,2736.0,2586.0,70780520.089,-3100.0,1.8274856244904215e-05
32940,2020-07-20,09:09:00,2734.0,2742.0,2734.0,2740.0,5063.0,138614079.893,16715.0,4.249233843818256e-05
33000,2020-07-20,09:10:00,2738.0,2742.0,2736.0,2742.0,4145.0,113547840.063,5203.0,-6.082283770905879e-05
33060,2020-07-20,09:11:00,2738.0,2742.0,2736.0,2740.0,2551.0,69872879.856,12887.0,-3.963822929912523e-05
33120,2020-07-20,09:12:00,2740.0,2742.0,2738.0,2738.0,2619.0,71746800.079,-2031.0,-3.10887337904932e-06
33180,2020-07-20,09:13:00,2740.0,2742.0,2736.0,2740.0,2070.0,56705839.885,433.0,-9.162425515940598e-06
33240,2020-07-20,09:14:00,2742.0,2744.0,2738.0,2742.0,2415.0,66205759.806,-9174.0,-1.2192080645837914e-05
33300,2020-07-20,09:15:00,2736.0,2740.0,2732.0,2734.0,3778.0,103349619.90900001,4636.0,-0.00015842444057291664
33360,2020-07-20,09:16:00,2740.0,2740.0,2736.0,2738.0,738.0,20199640.009999998,10136.0,-3.103201169160771e-05
33420,2020-07-20,09:17:00,2738.0,2742.0,2736.0,2738.0,1663.0,45545279.977,13335.0,5.2125916584534203e-05
33480,2020-07-20,09:18:00,2742.0,2742.0,2738.0,2740.0,505.0,13834620.022,8559.0,-5.6717292014032874e-05
33540,2020-07-20,09:19:00,2738.0,2744.0,2738.0,2740.0,1443.0,39550420.028,32656.0,-0.00017275893992316612
33600,2020-07-20,09:20:00,2742.0,2750.0,2740.0,2744.0,4743.0,130222260.14699998,-3393.0,-4.874917576322228e-05
33660,2020-07-20,09:21:00,2748.0,2748.0,2744.0,2746.0,1439.0,39509460.025,5807.0,6.03848258230825e-06
33720,2020-07-20,09:22:00,2744.0,2752.0,2744.0,2750.0,3588.0,98637100.226,14046.0,3.3244473793573685e-05
33780,2020-07-20,09:23:00,2748.0,2750.0,2746.0,2750.0,1151.0,31629840.091000002,12281.0,-3.0318462653015447e-05
33840,2020-07-20,09:24:00,2746.0,2750.0,2744.0,2746.0,1544.0,42417660.046000004,11422.0,-8.49809415928308e-05
33900,2020-07-20,09:25:00,2748.0,2750.0,2744.0,2746.0,747.0,20519440.009999998,-12525.0,2.9995209257719674e-06
33960,2020-07-20,09:26:00,2746.0,2746.0,2744.0,2744.0,296.0,8123680.011,-11796.0,-0.00016509057282537376
34020,2020-07-20,09:27:00,2744.0,2746.0,2742.0,2744.0,1073.0,29443999.987999998,14710.0,-9.884799291053423e-05
34080,2020-07-20,09:28:00,2744.0,2750.0,2744.0,2746.0,1158.0,31817240.015,22981.0,-3.372310702169307e-05
34140,2020-07-20,09:29:00,2748.0,2750.0,2746.0,2748.0,1222.0,33581459.997999996,63126.0,-0.00010308320974407407
34200,2020-07-20,09:30:00,2748.0,2748.0,2742.0,2746.0,1494.0,41012939.982,-21390.0,-8.202419882276472e-05
34260,2020-07-20,09:31:00,2744.0,2750.0,2742.0,2748.0,2446.0,67187899.893,58670.0,-4.861737602626093e-05
34320,2020-07-20,09:32:00,2746.0,2750.0,2744.0,2748.0,2026.0,55661520.00399999,71501.0,-6.115870962379903e-05
34380,2020-07-20,09:33:00,2748.0,2748.0,2744.0,2746.0,699.0,19193960.107,18.0,-8.945012519075608e-05
34440,2020-07-20,09:34:00,2746.0,2746.0,2744.0,2746.0,513.0,14083820.003999999,-38598.0,-0.00012148530571202112
34500,2020-07-20,09:35:00,2746.0,2746.0,2742.0,2744.0,2248.0,61690479.930999994,-13065.0,2.4681336259657627e-05
34560,2020-07-20,09:36:00,2746.0,2746.0,2742.0,2746.0,1619.0,44441839.957,11516.0,-0.00018374135815593987
34620,2020-07-20,09:37:00,2746.0,2748.0,2744.0,2746.0,557.0,15294300.027,9295.0,-0.0002058981891128529
34680,2020-07-20,09:38:00,2746.0,2746.0,2742.0,2744.0,1314.0,36052959.953,-14337.0,-6.237999472189258e-05
34740,2020-07-20,09:39:00,2744.0,2746.0,2742.0,2744.0,530.0,14543099.996,-9247.0,-0.00015082673482813176
34800,2020-07-20,09:40:00,2744.0,2746.0,2742.0,2744.0,657.0,18024699.990000002,-4687.0,-0.0002397124780753526
34860,2020-07-20,09:41:00,2744.0,2746.0,2740.0,2744.0,1122.0,30774459.978,5882.0,-0.00014515520784229603
34920,2020-07-20,09:42:00,2742.0,2746.0,2742.0,2744.0,879.0,24114859.987999998,9165.0,-0.00018219677515111745
34980,2020-07-20,09:43:00,2742.0,2746.0,2742.0,2744.0,660.0,18108959.998,-15145.0,-6.662520591215048e-05
35040,2020-07-20,09:44:00,2746.0,2750.0,2744.0,2746.0,1621.0,44547099.945,64675.0,4.6634194873467604e-05
35100,2020-07-20,09:45:00,2750.0,2750.0,2744.0,2746.0,1591.0,43705339.986,-9138.0,-3.9807886764108e-05
35160,2020-07-20,09:46:00,2748.0,2750.0,2746.0,2748.0,2151.0,59112599.93000001,82958.0,-0.00012235571536289847
35220,2020-07-20,09:47:00,2748.0,2752.0,2748.0,2750.0,3532.0,97131440.59099999,22119.0,-7.147671694976218e-05
35280,2020-07-20,09:48:00,2750.0,2750.0,2746.0,2748.0,1476.0,40559480.002000004,13273.0,-0.00010706144413214916
35340,2020-07-20,09:49:00,2748.0,2752.0,2746.0,2750.0,985.0,27081860.0,23211.0,-0.00013799946847298047
35400,2020-07-20,09:50:00,2748.0,2750.0,2746.0,2748.0,593.0,16295540.065000001,-24114.0,-6.200370478103459e-06
35460,2020-07-20,09:51:00,2750.0,2750.0,2746.0,2748.0,714.0,19621139.961000003,-20307.0,-0.00019160007940740206
35520,2020-07-20,09:52:00,2748.0,2752.0,2748.0,2750.0,1612.0,44325299.991,33400.0,-0.00015857089807574799
35580,2020-07-20,09:53:00,2750.0,2756.0,2750.0,2752.0,3633.0,100038500.137,1948.0,-3.642082781104931e-05
35640,2020-07-20,09:54:00,2758.0,2762.0,2754.0,2760.0,6283.0,173321400.00399998,18231.0,6.036489048732996e-06
35700,2020-07-20,09:55:00,2760.0,2762.0,2756.0,2760.0,1875.0,51724300.019999996,1672.0,-5.4485845769806455e-05
35760,2020-07-20,09:56:00,2762.0,2764.0,2758.0,2762.0,4679.0,129174540.531,-1095.0,2.108222392247505e-05
35820,2020-07-20,09:57:00,2762.0,2762.0,2758.0,2762.0,2387.0,65896920.084,743.0,-9.061032116391606e-05
35880,2020-07-20,09:58:00,2760.0,2764.0,2760.0,2762.0,1957.0,54037220.011999995,33650.0,-0.0001735283512757828
35940,2020-07-20,09:59:00,2762.0,2764.0,2758.0,2764.0,3601.0,99381320.13,-21484.0,4.8256662918640575e-05
36000,2020-07-20,10:00:00,2758.0,2764.0,2758.0,2760.0,2936.0,81053460.352,7759.0,4.826981501024156e-05
36060,2020-07-20,10:01:00,2762.0,2766.0,2760.0,2764.0,3625.0,100211219.71700001,3922.0,5.1215496002717424e-05
36120,2020-07-20,10:02:00,2764.0,2766.0,2762.0,2764.0,1589.0,43929340.05,32118.0,-7.541145449893408e-05
36180,2020-07-20,10:03:00,2766.0,2766.0,2764.0,2766.0,1506.0,41650079.960999995,10588.0,8.199494052038732e-05
36240,2020-07-20,10:04:00,2766.0,2770.0,2764.0,2768.0,4717.0,130588739.71599999,1365.0,1.498495668930122e-05
36300,2020-07-20,10:05:00,2764.0,2770.0,2764.0,2768.0,2524.0,69843280.076,2022.0,-0.00015063660319959056
36360,2020-07-20,10:06:00,2770.0,2774.0,2768.0,2772.0,3487.0,96617759.903,21856.0,-3.008425285144778e-05
36420,2020-07-20,10:07:00,2772.0,2776.0,2770.0,2774.0,2342.0,64942720.04000001,5686.0,-6.617879203780763e-05
36480,2020-07-20,10:08:00,2774.0,2776.0,2768.0,2774.0,4122.0,114288039.922,-11835.0,-5.416571459588848e-05
36540,2020-07-20,10:09:00,2772.0,2772.0,2770.0,2770.0,880.0,24383939.991,2226.0,-0.00016354092852476705
36600,2020-07-20,10:10:00,2772.0,2774.0,2772.0,2772.0,1158.0,32109399.983,-63592.0,1.796815886356088e-05
36660,2020-07-20,10:11:00,2774.0,2774.0,2768.0,2774.0,2633.0,72955599.99,-21993.0,-8.434231109122337e-05
36720,2020-07-20,10:12:00,2768.0,2772.0,2768.0,2770.0,1311.0,36314079.948,1533.0,-9.407605071833093e-05
36780,2020-07-20,10:13:00,2768.0,2770.0,2768.0,2768.0,476.0,13177939.991,-20613.0,-0.0001408490776587122
36840,2020-07-20,10:14:00,2768.0,2770.0,2768.0,2768.0,1351.0,37393079.879,45251.0,-0.00023979469106231847
37800,2020-07-20,10:30:00,2768.0,2770.0,2766.0,2768.0,1697.0,46972220.003,26577.0,-0.00020951691824549335
37860,2020-07-20,10:31:00,2770.0,2770.0,2764.0,2766.0,1168.0,32312379.997,-11159.0,-0.00010420481424728958
37920,2020-07-20,10:32:00,2764.0,2768.0,2764.0,2766.0,1111.0,30728379.968000002,19534.0,-0.00015146205429785313
37980,2020-07-20,10:33:00,2766.0,2768.0,2762.0,2764.0,1599.0,44205320.013,-9035.0,-0.00010640631957632765
38040,2020-07-20,10:34:00,2764.0,2766.0,2764.0,2766.0,424.0,11724040.016999999,31738.0,-0.00013682897245272118
38100,2020-07-20,10:35:00,2764.0,2770.0,2764.0,2766.0,1408.0,38957660.003,4006.0,1.262234527720171e-05
38160,2020-07-20,10:36:00,2770.0,2770.0,2766.0,2768.0,814.0,22532139.997,13045.0,-9.191400429013596e-05
38220,2020-07-20,10:37:00,2768.0,2770.0,2766.0,2766.0,346.0,9573160.025,-4583.0,7.851402787758967e-05
38280,2020-07-20,10:38:00,2768.0,2770.0,2766.0,2768.0,506.0,14005579.986000001,-8316.0,9.269088181744747e-05
38340,2020-07-20,10:39:00,2766.0,2770.0,2766.0,2770.0,551.0,15254399.971,29893.0,7.986098437650503e-05
38400,2020-07-20,10:40:00,2768.0,2772.0,2768.0,2770.0,888.0,24597660.038,3064.0,-4.6322998097472545e-05
38460,2020-07-20,10:41:00,2772.0,2772.0,2770.0,2770.0,979.0,27124419.919,6328.0,7.978032714467349e-05
38520,2020-07-20,10:42:00,2770.0,2772.0,2770.0,2772.0,398.0,11029019.985,26500.0,-5.7046259105806176e-05
38580,2020-07-20,10:43:00,2770.0,2772.0,2770.0,2770.0,300.0,8314120.006,8883.0,2.3110698660591143e-05
38640,2020-07-20,10:44:00,2772.0,2772.0,2770.0,2772.0,653.0,18097299.946000002,-9369.0,6.700118215322678e-05
38700,2020-07-20,10:45:00,2770.0,2776.0,2770.0,2776.0,2391.0,66327340.05000001,21803.0,-3.9460491378827945e-05
38760,2020-07-20,10:46:00,2772.0,2776.0,2770.0,2772.0,2178.0,60395980.292,20851.0,-0.00012429267752938478
38820,2020-07-20,10:47:00,2772.0,2776.0,2770.0,2774.0,1348.0,37385960.004,9005.0,-0.00017728820999422026
38880,2020-07-20,10:48:00,2776.0,2776.0,2774.0,2776.0,1693.0,46987039.972,66156.0,-0.00013675111011405015
38940,2020-07-20,10:49:00,2778.0,2782.0,2776.0,2778.0,6203.0,172383239.568,16927.0,-6.050258975864864e-06
39000,2020-07-20,10:50:00,2780.0,2780.0,2776.0,2778.0,2895.0,80426219.89899999,-9529.0,-1.2070313109228496e-05
39060,2020-07-20,10:51:00,2776.0,2780.0,2776.0,2778.0,1169.0,32475480.086,-3785.0,-0.00012305982586895413
39120,2020-07-20,10:52:00,2776.0,2778.0,2774.0,2776.0,1755.0,48721199.966,31374.0,-0.00015309419203382024
39180,2020-07-20,10:53:00,2776.0,2778.0,2774.0,2774.0,1644.0,45624599.738,23974.0,-0.00013741951116777123
39240,2020-07-20,10:54:00,2774.0,2776.0,2774.0,2774.0,967.0,26826100.005,25180.0,-0.00021873849767741532
39300,2020-07-20,10:55:00,2774.0,2778.0,2774.0,2776.0,682.0,18933080.006,27062.0,-0.00020495875660156714
39360,2020-07-20,10:56:00,2776.0,2778.0,2774.0,2776.0,897.0,24902339.989,-15395.0,3.1331622621045303e-06
39420,2020-07-20,10:57:00,2774.0,2778.0,2774.0,2776.0,693.0,19236639.985,307.0,-0.00018167859990369788
39480,2020-07-20,10:58:00,2776.0,2776.0,2774.0,2774.0,343.0,9516059.995,-14471.0,-0.0001786783335352861
39540,2020-07-20,10:59:00,2774.0,2778.0,2774.0,2776.0,1308.0,36308140.067,9147.0,7.855917092701826e-05
39600,2020-07-20,11:00:00,2776.0,2780.0,2774.0,2778.0,2295.0,63756539.927,10810.0,-1.5404974757327524e-05
39660,2020-07-20,11:01:00,2774.0,2778.0,2774.0,2776.0,925.0,25683459.923,-22346.0,-0.00010600958296773506
39720,2020-07-20,11:02:00,2778.0,2778.0,2776.0,2778.0,438.0,12164459.98,-27355.0,0.00010282111906358336
39780,2020-07-20,11:03:00,2778.0,2778.0,2776.0,2776.0,1021.0,28348839.974,-5078.0,-3.731441119400315e-05
39840,2020-07-20,11:04:00,2776.0,2782.0,2776.0,2782.0,1218.0,33850439.757,30570.0,-3.202302009273585e-06
39900,2020-07-20,11:05:00,2780.0,2782.0,2778.0,2780.0,1878.0,52208300.06200001,67920.0,-0.00012590144023962117
39960,2020-07-20,11:06:00,2780.0,2786.0,2778.0,2782.0,5048.0,140539040.075,33669.0,2.3787154357705435e-05
40020,2020-07-20,11:07:00,2786.0,2790.0,2784.0,2790.0,5438.0,151610220.069,10269.0,9.866651490961776e-05
40080,2020-07-20,11:08:00,2788.0,2790.0,2784.0,2786.0,2565.0,71468360.06300001,21250.0,-5.984759181570561e-05
40140,2020-07-20,11:09:00,2788.0,2790.0,2786.0,2788.0,2219.0,61878200.093,7383.0,3.5816588239915664e-05
40200,2020-07-20,11:10:00,2790.0,2792.0,2788.0,2790.0,1923.0,53670680.099,-41537.0,4.772339481606824e-05
40260,2020-07-20,11:11:00,2792.0,2792.0,2786.0,2790.0,2550.0,71120860.014,-7987.0,-1.7998264806085018e-05
40320,2020-07-20,11:12:00,2788.0,2792.0,2788.0,2790.0,2136.0,59594640.046000004,11697.0,-1.7972531478023985e-05
40380,2020-07-20,11:13:00,2790.0,2790.0,2786.0,2788.0,1962.0,54711860.032,5794.0,-8.369842572130508e-05
40440,2020-07-20,11:14:00,2788.0,2794.0,2786.0,2790.0,2992.0,83521259.846,31628.0,-3.650747616209105e-05
40500,2020-07-20,11:15:00,2794.0,2798.0,2794.0,2796.0,6225.0,174063059.822,5539.0,5.9562104741347116e-05
40560,2020-07-20,11:16:00,2798.0,2800.0,2796.0,2798.0,2692.0,75322119.58600001,15501.0,5.9374477620277585e-06
40620,2020-07-20,11:17:00,2798.0,2798.0,2796.0,2798.0,1089.0,30455280.049000002,19172.0,-0.00012324511718880967
40680,2020-07-20,11:18:00,2796.0,2800.0,2794.0,2798.0,3802.0,106359199.897,4569.0,-3.3076023101009664e-05
40740,2020-07-20,11:19:00,2796.0,2798.0,2792.0,2794.0,2247.0,62787899.854,-49652.0,-0.00022067694136266672
40800,2020-07-20,11:20:00,2792.0,2796.0,2780.0,2784.0,8770.0,244401680.078,-19822.0,-4.1738818512615514e-05
40860,2020-07-20,11:21:00,2782.0,2786.0,2778.0,2782.0,3127.0,87007759.919,-547.0,5.383194602483303e-05
40920,2020-07-20,11:22:00,2780.0,2782.0,2776.0,2776.0,4326.0,120177299.62799999,-15352.0,-3.6055416158239e-05
40980,2020-07-20,11:23:00,2778.0,2782.0,2778.0,2780.0,1252.0,34813920.188,-2871.0,-5.1726151843271374e-08
41040,2020-07-20,11:24:00,2782.0,2782.0,2778.0,2780.0,1307.0,36330920.056,-82486.0,4.874270869336663e-05
41100,2020-07-20,11:25:00,2780.0,2786.0,2778.0,2780.0,2771.0,77095220.04599999,-14407.0,0.00016167879858787574
41160,2020-07-20,11:26:00,2782.0,2782.0,2778.0,2782.0,1709.0,47521079.941,-39009.0,-3.6588584574085294e-05
41220,2020-07-20,11:27:00,2780.0,2784.0,2780.0,2782.0,1011.0,28123460.073,19941.0,3.318717377670579e-05
41280,2020-07-20,11:28:00,2784.0,2786.0,2780.0,2782.0,1199.0,33366659.988,8139.0,6.33966416990621e-05
41340,2020-07-20,11:29:00,2782.0,2784.0,2780.0,2784.0,1140.0,31720619.972999997,-11850.0,-0.0001136904709554324
48600,2020-07-20,13:30:00,2782.0,2784.0,2780.0,2780.0,2606.0,72501800.042,-1374.0,-0.00010102590821815517
48660,2020-07-20,13:31:00,2780.0,2782.0,2776.0,2778.0,3847.0,106885240.16,-4928.0,-5.4904278124484524e-05
48720,2020-07-20,13:32:00,2778.0,2778.0,2774.0,2776.0,1338.0,37148359.966000006,-206.0,-4.806747376018272e-05
48780,2020-07-20,13:33:00,2776.0,2776.0,2774.0,2776.0,1126.0,31248239.992,-7009.0,-4.2083174642493226e-05
48840,2020-07-20,13:34:00,2774.0,2778.0,2774.0,2776.0,1019.0,28284740.161999997,20745.0,2.3974241653124118e-05
48900,2020-07-20,13:35:00,2776.0,2778.0,2774.0,2776.0,1396.0,38750840.009,-25864.0,0.00010593214455559297
48960,2020-07-20,13:36:00,2774.0,2778.0,2774.0,2776.0,1245.0,34560760.026999995,-35003.0,0.00010987773994715932
49020,2020-07-20,13:37:00,2776.0,2780.0,2776.0,2778.0,1660.0,46129760.14,-13403.0,0.00020863954676776384
49080,2020-07-20,13:38:00,2778.0,2780.0,2778.0,2778.0,403.0,11199320.0,-21045.0,0.00011781442971966368
49140,2020-07-20,13:39:00,2780.0,2780.0,2778.0,2778.0,221.0,6141300.0,-30278.0,3.177073966583962e-06
49200,2020-07-20,13:40:00,2778.0,2780.0,2776.0,2778.0,894.0,24834179.964,-26712.0,2.8882880968766106e-05
49260,2020-07-20,13:41:00,2780.0,2782.0,2776.0,2778.0,1573.0,43717600.114999995,1904.0,3.0428168502492044e-05
49320,2020-07-20,13:42:00,2782.0,2784.0,2780.0,2782.0,659.0,18336439.986,-9090.0,0.00012181474697505406
49380,2020-07-20,13:43:00,2784.0,2786.0,2782.0,2782.0,3586.0,99832059.483,-20480.0,0.0002215189560287989
49440,2020-07-20,13:44:00,2784.0,2786.0,2782.0,2784.0,618.0,17203979.997,-30891.0,0.00020227021889478205
49500,2020-07-20,13:45:00,2784.0,2784.0,2778.0,2782.0,2413.0,67104259.523,-36918.0,-0.000114869325236909
49560,2020-07-20,13:46:00,2780.0,2782.0,2774.0,2780.0,2581.0,71691079.971,-5787.0,-7.80758719760799e-05
49620,2020-07-20,13:47:00,2776.0,2776.0,2774.0,2776.0,1254.0,34808200.118,-20081.0,-5.850954408077477e-05
49680,2020-07-20,13:48:00,2776.0,2782.0,2774.0,2774.0,1494.0,41501119.925,-738.0,6.346503992267739e-05
49740,2020-07-20,13:49:00,2778.0,2780.0,2776.0,2778.0,1230.0,34157179.761999995,-58185.0,5.581064751228231e-05
49800,2020-07-20,13:50:00,2776.0,2778.0,2776.0,2778.0,961.0,26693639.922,-58085.0,0.00012921155073012097
49860,2020-07-20,13:51:00,2778.0,2780.0,2776.0,2778.0,676.0,18776239.998,-61166.0,9.99751817163468e-05
49920,2020-07-20,13:52:00,2778.0,2780.0,2774.0,2776.0,2407.0,66838020.008,-43376.0,-4.818091270765633e-05
49980,2020-07-20,13:53:00,2776.0,2778.0,2776.0,2776.0,182.0,5053720.0,-5701.0,-0.00015621475972339103
50040,2020-07-20,13:54:00,2776.0,2778.0,2774.0,2776.0,936.0,25983260.005,-65356.0,0.00011311710042211891
50100,2020-07-20,13:55:00,2776.0,2776.0,2774.0,2774.0,727.0,20171019.950000003,-122460.0,1.890140577794148e-05
50160,2020-07-20,13:56:00,2774.0,2776.0,2770.0,2774.0,4634.0,128472580.06600001,31956.0,-0.0001984126773307245
50220,2020-07-20,13:57:00,2772.0,2774.0,2770.0,2772.0,2250.0,62363980.074999996,-55734.0,-0.00016237349099172959
50280,2020-07-20,13:58:00,2772.0,2774.0,2772.0,2772.0,576.0,15971640.001,24310.0,3.326962446856706e-05
50340,2020-07-20,13:59:00,2772.0,2774.0,2770.0,2772.0,813.0,22537280.0,-23816.0,4.072788290767047e-05
50400,2020-07-20,14:00:00,2770.0,2772.0,2768.0,2770.0,3522.0,97534740.062,-25438.0,-0.00012940406110502808
50460,2020-07-20,14:01:00,2768.0,2774.0,2768.0,2774.0,2875.0,79662099.703,56320.0,-2.7371743126616855e-05
50520,2020-07-20,14:02:00,2774.0,2774.0,2772.0,2772.0,1103.0,30576880.002,22851.0,8.552353084865013e-05
50580,2020-07-20,14:03:00,2774.0,2776.0,2772.0,2774.0,1410.0,39111600.027,23377.0,-6.905944582106393e-05
50640,2020-07-20,14:04:00,2776.0,2778.0,2774.0,2776.0,1609.0,44659139.926,-80571.0,0.00012623074229850683
50700,2020-07-20,14:05:00,2774.0,2776.0,2772.0,2774.0,1096.0,30403940.014,-9861.0,6.397880542344644e-06
50760,2020-07-20,14:06:00,2774.0,2774.0,2770.0,2770.0,1373.0,38056579.983,-17320.0,1.557035254194506e-05
50820,2020-07-20,14:07:00,2772.0,2772.0,2768.0,2770.0,2237.0,61966620.104,-27016.0,-4.9797991102457656e-05
50880,2020-07-20,14:08:00,2772.0,2772.0,2768.0,2770.0,1340.0,37107799.868999995,-58760.0,-8.80349548198643e-05
50940,2020-07-20,14:09:00,2768.0,2772.0,2768.0,2770.0,942.0,26093080.001000002,-17828.0,3.0566522649651665e-05
51000,2020-07-20,14:10:00,2770.0,2770.0,2766.0,2768.0,1563.0,43256880.093,-15592.0,-7.597037656878725e-05
51060,2020-07-20,14:11:00,2768.0,2770.0,2766.0,2768.0,946.0,26180900.023,13883.0,0.00011012229263229756
51120,2020-07-20,14:12:00,2770.0,2772.0,2768.0,2770.0,2221.0,61522620.009,-24723.0,0.0001203085629529555
51180,2020-07-20,14:13:00,2770.0,2772.0,2768.0,2770.0,905.0,25064140.066999998,-72733.0,0.0001436941617311375
51240,2020-07-20,14:14:00,2770.0,2772.0,2770.0,2770.0,1105.0,30612900.019,2223.0,-6.846081201646372e-05
51300,2020-07-20,14:15:00,2770.0,2772.0,2768.0,2770.0,825.0,22853680.014,-58613.0,1.1349686025316157e-09
51360,2020-07-20,14:16:00,2770.0,2772.0,2770.0,2772.0,386.0,10696600.004,31019.0,9.179538986287286e-05
51420,2020-07-20,14:17:00,2770.0,2774.0,2770.0,2772.0,1011.0,28030780.005,2692.0,0.000136715244739893
51480,2020-07-20,14:18:00,2772.0,2776.0,2772.0,2774.0,823.0,22830120.011,9016.0,0.0002790011293377009
51540,2020-07-20,14:19:00,2776.0,2776.0,2774.0,2774.0,943.0,26163019.992,-2412.0,0.00012217920199683924
51600,2020-07-20,14:20:00,2776.0,2776.0,2774.0,2774.0,201.0,5578659.996,-345.0,0.00017549525336085352
51660,2020-07-20,14:21:00,2774.0,2778.0,2774.0,2776.0,599.0,16632799.988,158.0,0.00017378587072382356
51720,2020-07-20,14:22:00,2778.0,2778.0,2776.0,2776.0,485.0,13471460.007,-23855.0,0.00018152447808637235
51780,2020-07-20,14:23:00,2776.0,2778.0,2776.0,2778.0,513.0,14250460.039,-46971.0,0.0001752054858950929
51840,2020-07-20,14:24:00,2776.0,2782.0,2776.0,2780.0,933.0,25936360.003,-11434.0,0.00020251564489003607
51900,2020-07-20,14:25:00,2778.0,2782.0,2778.0,2780.0,975.0,27104679.974,-60377.0,-6.106362682040593e-05
51960,2020-07-20,14:26:00,2780.0,2782.0,2778.0,2780.0,902.0,25077980.004,4658.0,3.1489039505267035e-05
52020,2020-07-20,14:27:00,2780.0,2784.0,2780.0,2782.0,2310.0,64264460.009,-2385.0,9.966034617085764e-05
52080,2020-07-20,14:28:00,2782.0,2782.0,2780.0,2780.0,175.0,4867080.003,-46623.0,6.447587046724361e-05
52140,2020-07-20,14:29:00,2780.0,2782.0,2778.0,2780.0,1374.0,38195540.028,-12453.0,-7.930800358561219e-05
52200,2020-07-20,14:30:00,2778.0,2780.0,2778.0,2780.0,277.0,7699480.0,-36680.0,-2.488141096176612e-05
52260,2020-07-20,14:31:00,2780.0,2782.0,2778.0,2780.0,369.0,10260420.004999999,-6863.0,2.611972603488898e-05
52320,2020-07-20,14:32:00,2782.0,2782.0,2778.0,2780.0,984.0,27356600.003,-6173.0,0.00014127627917883055
52380,2020-07-20,14:33:00,2780.0,2780.0,2778.0,2778.0,242.0,6723860.001,-17705.0,-2.4520003176165198e-05
52440,2020-07-20,14:34:00,2778.0,2780.0,2776.0,2778.0,619.0,17192819.995,-11302.0,-0.00011342508988683493
52500,2020-07-20,14:35:00,2776.0,2780.0,2776.0,2778.0,646.0,17941819.982,7518.0,-0.00013097758333464201
52560,2020-07-20,14:36:00,2780.0,2780.0,2776.0,2778.0,545.0,15136419.91,9242.0,8.041400545032149e-05
52620,2020-07-20,14:37:00,2778.0,2780.0,2776.0,2778.0,528.0,14668039.987,1835.0,0.0001010388829764957
52680,2020-07-20,14:38:00,2780.0,2780.0,2776.0,2778.0,1077.0,29911120.05,-2514.0,7.196437100107259e-05
52740,2020-07-20,14:39:00,2778.0,2780.0,2776.0,2778.0,625.0,17359720.009000003,19518.0,0.00014652091258770308
52800,2020-07-20,14:40:00,2780.0,2782.0,2778.0,2780.0,1033.0,28713360.0,38251.0,7.188563847728315e-05
52860,2020-07-20,14:41:00,2782.0,2784.0,2780.0,2782.0,1454.0,40456140.05,14973.0,7.916554498568998e-05
52920,2020-07-20,14:42:00,2784.0,2786.0,2782.0,2784.0,1305.0,36336980.109000005,16901.0,6.384424479554852e-05
52980,2020-07-20,14:43:00,2788.0,2788.0,2782.0,2786.0,2986.0,83206540.02000001,-13225.0,8.745003540293281e-05
53040,2020-07-20,14:44:00,2784.0,2786.0,2780.0,2782.0,1098.0,30555259.996,-6319.0,-3.0584468729918294e-06
53100,2020-07-20,14:45:00,2782.0,2784.0,2780.0,2780.0,1423.0,39572640.0,13361.0,-0.00014438320843875114
53160,2020-07-20,14:46:00,2780.0,2782.0,2778.0,2780.0,865.0,24046359.971,-1724.0,-0.0001085522939532576
53220,2020-07-20,14:47:00,2778.0,2780.0,2778.0,2780.0,718.0,19958920.008,-17474.0,8.099001054717925e-05
53280,2020-07-20,14:48:00,2778.0,2780.0,2776.0,2778.0,710.0,19723640.006,-19561.0,0.00020368031420307195
53340,2020-07-20,14:49:00,2774.0,2776.0,2772.0,2776.0,2280.0,63259000.016,-14255.0,-7.817119043869909e-05
53400,2020-07-20,14:50:00,2776.0,2778.0,2774.0,2776.0,665.0,18457700.012000002,-9996.0,-6.58585685640034e-05
53460,2020-07-20,14:51:00,2774.0,2776.0,2774.0,2774.0,1057.0,29323739.990999997,26363.0,-9.658423152663393e-05
53520,2020-07-20,14:52:00,2774.0,2776.0,2774.0,2776.0,439.0,12183779.973,-712.0,8.35901574774264e-05
53580,2020-07-20,14:53:00,2776.0,2778.0,2774.0,2776.0,1615.0,44818980.012,17917.0,-0.00012870014930724656
53640,2020-07-20,14:54:00,2774.0,2778.0,2774.0,2774.0,1528.0,42409399.999,-3029.0,-2.6171047107226286e-08
53700,2020-07-20,14:55:00,2776.0,2776.0,2774.0,2776.0,770.0,21370160.004,-44560.0,3.073153916503511e-06
53760,2020-07-20,14:56:00,2776.0,2776.0,2774.0,2774.0,441.0,12238500.015,-23626.0,4.7770518337337236e-05
53820,2020-07-20,14:57:00,2776.0,2776.0,2772.0,2774.0,1179.0,32703959.987999998,-25678.0,-9.4908053939195e-05
53880,2020-07-20,14:58:00,2774.0,2774.0,2772.0,2772.0,1703.0,47220779.978,43282.0,-8.420975607411248e-05
53940,2020-07-20,14:59:00,2774.0,2780.0,2772.0,2778.0,3794.0,105272799.374,-1902.0,-5.108732991467117e-05
